t,U,Phy_modificado,theta_modificado
"25,01","0,00","0,000",0
"25,02","0,00","0,000",0
"25,03","0,00","0,000",0
"25,04","0,00","0,000",0
"25,05","0,00","0,000",0
"25,06","0,00","0,000",0
"25,07","0,00","0,000",0
"25,08","0,00","0,000",0
"25,09","0,00","0,000",0
"25,10","0,00","0,000",0
"25,11","0,00","0,000",0
"25,12","0,00","0,000",0
"25,13","0,00","0,000",0
"25,14","0,00","0,000",0
"25,15","0,00","0,000",0
"25,16","0,00","0,000",0
"25,17","0,00","0,000",0
"25,18","0,00","0,000",0
"25,19","0,00","0,000",0
"25,20","0,00","0,000",0
"25,21","0,00","0,000",0
"25,22","0,00","0,000",0
"25,23","0,00","0,000",0
"25,24","0,00","0,000",0
"25,25","0,00","0,000",0
"25,26","20,00","0,000",0
"25,27","20,00","0,000",0
"25,28","20,00","0,000","0,08755820833"
"25,29","20,00","0,370","0,4440014083"
"25,30","20,00","1,228","0,3430757083"
"25,31","20,00","2,085","0,05909380833"
"25,32","20,00","3,228","-0,6790260817"
"25,33","20,00","4,942","-1,754793712"
"25,34","20,00","6,370","-3,026941892"
"25,35","20,00","7,799","-4,329276392"
"25,36","20,00","9,228","-5,591001792"
"25,37","20,00","10,370","-6,756300792"
"25,38","20,00","11,799","-7,686884192"
"25,39","20,00","12,656","-8,409904792"
"25,40","20,00","13,799","-8,919033392"
"25,41","20,00","14,656","-9,221873592"
"25,42","20,00","15,799","-9,358417792"
"25,43","20,00","16,656","-9,419842092"
"25,44","20,00","17,513","-9,398754392"
"25,45","20,00","18,370","-9,334172592"
"25,46","20,00","19,228","-9,246937092"
"25,47","20,00","20,085","-8,940236392"
"25,48","20,00","20,656","-8,475190492"
"25,49","20,00","20,942","-7,866924092"
"25,50","20,00","21,228","-7,006128192"
"25,51","20,00","20,942","-6,022775492"
"25,52","20,00","20,942","-4,778907092"
"25,53","20,00","20,942","-3,284666392"
"25,54","20,00","20,656","-1,691523502"
"25,55","20,00","20,656","-0,1265695917"
"25,56","20,00","20,656","1,375919008"
"25,57","20,00","20,370","2,807753208"
"25,58","20,00","20,370","4,154000408"
"25,59","20,00","20,370","5,431517308"
"25,60","20,00","20,085","6,644190908"
"25,61","20,00","20,370","7,789936708"
"25,62","20,00","20,085","8,874306908"
"25,63","20,00","20,085","9,881154908"
"25,64","20,00","19,799","10,79683191"
"25,65","20,00","19,799","11,61895491"
"25,66","20,00","20,085","12,31898491"
"25,67","20,00","20,085","12,84254491"
"25,68","20,00","20,085","13,17874791"
"25,69","20,00","20,085","13,40434791"
"25,70","20,00","20,085","13,55840191"
"25,71","20,00","20,085","13,62925591"
"25,72","20,00","19,799","13,56156491"
"25,73","20,00","20,085","13,36042091"
"25,74","20,00","20,085","13,07333791"
"25,75","20,00","20,085","12,70328891"
"25,76","20,00","19,799","12,21707491"
"25,77","20,00","19,799","11,64330991"
"25,78","20,00","19,799","10,98578691"
"25,79","20,00","20,085","10,25493491"
"25,80","20,00","19,799","9,451202908"
"25,81","20,00","20,085","8,498092308"
"25,82","20,00","20,085","7,560035408"
"25,83","20,00","19,799","6,572451308"
"25,84","20,00","19,799","5,549534508"
"25,85","20,00","20,085","4,494532308"
"25,86","20,00","20,085","3,412852908"
"25,87","20,00","20,085","2,305722408"
"25,88","20,00","20,085","1,197217608"
"25,89","20,00","20,085","0,09693850833"
"25,90","20,00","20,085","-1,000036192"
"25,91","20,00","20,085","-2,079905942"
"25,92","20,00","19,799","-3,133530192"
"25,93","20,00","20,085","-4,151513692"
"25,94","20,00","19,799","-5,133827492"
"25,95","20,00","19,799","-6,061314892"
"25,96","20,00","19,799","-6,932766792"
"25,97","20,00","19,799","-7,743820492"
"25,98","20,00","19,799","-8,569390592"
"25,99","20,00","19,799","-9,230178192"
"26,00","20,00","19,799","-9,816055592"
"26,01","20,00","19,799","-10,31840829"
"26,02","20,00","19,799","-10,72420719"
"26,03","20,00","19,799","-11,04985939"
"26,04","20,00","19,513","-11,28073149"
"26,05","20,00","19,513","-11,41992409"
"26,06","20,00","19,513","-11,45947009"
"26,07","20,00","19,513","-11,42069009"
"26,08","20,00","19,513","-11,29353209"
"26,09","20,00","19,228","-11,08876259"
"26,10","20,00","19,228","-10,80298649"
"26,11","20,00","19,228","-10,45442799"
"26,12","20,00","19,228","-10,04525599"
"26,13","20,00","19,228","-9,566091892"
"26,14","20,00","19,228","-9,032178192"
"26,15","20,00","19,228","-8,453539192"
"26,16","20,00","19,228","-7,833528792"
"26,17","20,00","19,228","-7,164480492"
"26,18","20,00","19,228","-6,450901292"
"26,19","20,00","19,228","-5,699662992"
"26,20","20,00","19,228","-4,923774992"
"26,21","20,00","19,228","-4,120429392"
"26,22","20,00","19,228","-3,300276592"
"26,23","20,00","19,228","-2,468136192"
"26,24","20,00","19,228","-1,635809852"
"26,25","20,00","19,228","-0,8037347917"
"26,26","20,00","19,228","0,02467060833"
"26,27","20,00","19,228","0,8337537083"
"26,28","20,00","19,228","1,626939208"
"26,29","20,00","19,228","2,390233908"
"26,30","20,00","19,228","3,123638808"
"26,31","20,00","19,228","3,816140808"
"26,32","20,00","19,228","4,532180508"
"26,33","20,00","19,228","5,130799508"
"26,34","20,00","19,228","5,674161108"
"26,35","20,00","19,228","6,164662508"
"26,36","20,00","19,228","6,589606908"
"26,37","20,00","19,228","6,958627408"
"26,38","20,00","19,228","7,262763708"
"26,39","20,00","19,228","7,495506008"
"26,40","20,00","19,228","7,664725908"
"26,41","20,00","19,228","7,770153708"
"26,42","20,00","19,228","7,811298108"
"26,43","20,00","19,228","7,780317908"
"26,44","20,00","19,228","7,688023308"
"26,45","20,00","19,228","7,545034108"
"26,46","20,00","19,228","7,342010208"
"26,47","20,00","19,228","7,081574108"
"26,48","20,00","19,228","6,773740508"
"26,49","20,00","19,228","6,385606008"
"26,50","20,00","19,228","5,980201908"
"26,51","20,00","19,228","5,534047808"
"26,52","20,00","19,228","5,051277308"
"26,53","20,00","19,228","4,534940408"
"26,54","20,00","19,228","3,988636208"
"26,55","20,00","19,228","3,420773208"
"26,56","20,00","19,228","2,829737308"
"26,57","20,00","19,228","2,225364808"
"26,58","20,00","19,228","1,608003808"
"26,59","20,00","19,228","0,9853856083"
"26,60","20,00","19,228","0,3592686083"
"26,61","20,00","19,228","-0,2607473917"
"26,62","20,00","19,228","-0,8696237917"
"26,63","20,00","19,228","-1,473108602"
"26,64","20,00","19,228","-2,055398062"
"26,65","20,00","19,228","-2,610774592"
"26,66","20,00","19,228","-3,144464592"
"26,67","20,00","19,228","-3,650845092"
"26,68","20,00","19,228","-4,123400092"
"26,69","20,00","19,228","-4,554302092"
"26,70","20,00","19,228","-4,944311492"
"26,71","20,00","19,228","-5,297823292"
"26,72","20,00","19,228","-5,605984492"
"26,73","20,00","19,228","-5,860917392"
"26,74","20,00","19,228","-6,064888792"
"26,75","20,00","19,228","-6,225661092"
"26,76","20,00","19,228","-6,335530092"
"26,77","20,00","19,228","-6,389552892"
"26,78","20,00","19,228","-6,394865392"
"26,79","20,00","19,228","-6,357540392"
"26,80","20,00","19,228","-6,267231792"
"26,81","20,00","19,228","-6,133591992"
"26,82","20,00","19,228","-5,958222692"
"26,83","20,00","19,228","-5,725144692"
"26,84","20,00","19,228","-5,468173292"
"26,85","20,00","19,228","-5,177129092"
"26,86","20,00","19,228","-4,855164392"
"26,87","20,00","19,228","-4,506270692"
"26,88","20,00","19,228","-4,128456192"
"26,89","20,00","19,228","-3,724352692"
"26,90","20,00","19,228","-3,305236192"
"26,91","20,00","19,228","-2,870390292"
"26,92","20,00","19,228","-2,423069992"
"26,93","20,00","19,228","-1,964997482"
"26,94","20,00","19,228","-1,503228142"
"26,95","20,00","19,228","-1,040725842"
"26,96","20,00","19,228","-0,5777533717"
"26,97","20,00","19,228","-0,1196092917"
"26,98","20,00","19,228","0,3276166083"
"26,99","20,00","19,228","0,7598049083"
"27,00","20,00","19,228","1,216907408"
"27,01","20,00","19,228","1,614171708"
"27,02","20,00","19,228","1,982686708"
"27,03","20,00","19,228","2,326911108"
"27,04","20,00","19,228","2,640574408"
"27,05","20,00","19,228","2,930683808"
"27,06","20,00","19,228","3,184484208"
"27,07","20,00","19,228","3,400829008"
"27,08","20,00","19,228","3,581505508"
"27,09","20,00","19,228","3,732169308"
"27,10","20,00","19,228","3,843198008"
"27,11","20,00","19,228","3,916923708"
"27,12","20,00","19,228","3,951986008"
"27,13","20,00","19,228","3,954897608"
"27,14","20,00","19,228","3,922547008"
"27,15","20,00","19,228","3,856778308"
"27,16","20,00","19,228","3,759654208"
"27,17","20,00","19,228","3,637935308"
"27,18","20,00","19,228","3,490997008"
"27,19","20,00","19,228","3,318743908"
"27,20","20,00","19,228","3,118783208"
"27,21","20,00","19,228","2,895454108"
"27,22","20,00","19,228","2,659295708"
"27,23","20,00","19,228","2,401799108"
"27,24","20,00","19,228","2,127301408"
"27,25","20,00","19,228","1,840331508"
"27,26","20,00","19,228","1,546673508"
"27,27","20,00","19,228","1,241991708"
"27,28","20,00","19,228","0,9306463083"
"27,29","20,00","19,228","0,6145318083"
"27,30","20,00","19,228","0,2987870083"
"27,31","20,00","19,228","-0,01490669167"
"27,32","20,00","19,228","-0,3264423717"
"27,33","20,00","19,228","-0,6317445717"
"27,34","20,00","19,228","-0,9558638417"
"27,35","20,00","19,228","-1,235390674"
"27,36","20,00","19,228","-1,503856852"
"27,37","20,00","19,228","-1,754690122"
"27,38","20,00","19,228","-1,986736722"
"27,39","20,00","19,228","-2,200237222"
"27,40","20,00","19,228","-2,393409992"
"27,41","20,00","19,228","-2,566381992"
"27,42","20,00","19,228","-2,718330192"
"27,43","20,00","19,228","-2,844797192"
"27,44","20,00","19,228","-2,941221992"
"27,45","20,00","19,228","-3,014844292"
"27,46","20,00","19,228","-3,065607592"
"27,47","20,00","19,228","-3,089973492"
"27,48","20,00","19,228","-3,090449592"
"27,49","20,00","19,228","-3,069765392"
"27,50","20,00","19,228","-3,027509492"
"27,51","20,00","19,228","-2,958714092"
"27,52","20,00","19,228","-2,875686492"
"27,53","20,00","19,228","-2,772546592"
"27,54","20,00","19,228","-2,652313092"
"27,55","20,00","19,228","-2,513889592"
"27,56","20,00","19,228","-2,365752992"
"27,57","20,00","19,228","-2,202513052"
"27,58","20,00","19,228","-2,029196212"
"27,59","20,00","19,228","-1,847752522"
"27,60","20,00","19,228","-1,660741522"
"27,61","20,00","19,228","-1,466002652"
"27,62","20,00","19,228","-1,263816963"
"27,63","20,00","19,228","-1,063234102"
"27,64","20,00","19,228","-0,8642084717"
"27,65","20,00","19,228","-0,6574816817"
"27,66","20,00","19,228","-0,4519969917"
"27,67","20,00","19,228","-0,2617905917"
"27,68","20,00","19,228","-0,07722949167"
"27,69","20,00","19,228","0,1108663083"
"27,70","20,00","19,228","0,2984966083"
"27,71","20,00","19,228","0,4579028083"
"27,72","20,00","19,228","0,5981107083"
"27,73","20,00","19,228","0,7472078083"
"27,74","20,00","19,228","0,8920633083"
"27,75","20,00","19,228","1,001328608"
"27,76","20,00","19,228","1,086436908"
"27,77","20,00","19,228","1,176666708"
"27,78","20,00","19,228","1,255540108"
"27,79","20,00","19,228","1,298882208"
"27,80","20,00","19,228","1,320150108"
"27,81","20,00","19,228","1,345351408"
"27,82","20,00","19,228","1,356715408"
"27,83","20,00","19,228","1,339367108"
"27,84","20,00","19,228","1,307262608"
"27,85","20,00","19,228","1,272009508"
"27,86","20,00","19,228","1,229575608"
"27,87","20,00","19,228","1,168867008"
"27,88","20,00","19,228","1,097246808"
"27,89","20,00","19,228","1,021542708"
"27,90","20,00","19,228","0,9429132083"
"27,91","20,00","19,228","0,8521022083"
"27,92","20,00","19,228","0,7526066083"
"27,93","20,00","19,228","0,6515059083"
"27,94","20,00","19,228","0,5501606083"
"27,95","20,00","19,228","0,4481254083"
"27,96","20,00","19,228","0,3390223083"
"27,97","20,00","19,228","0,2252030083"
"27,98","20,00","19,228","0,1137715083"
"27,99","20,00","19,228","0,01149580833"
"28,00","20,00","19,228","-0,09438019167"
"28,01","20,00","19,228","-0,2010031917"
"28,02","20,00","19,228","-0,3080226317"
"28,03","20,00","19,228","-0,3976565717"
"28,04","20,00","19,228","-0,4863927517"
"28,05","20,00","19,228","-0,5726384617"
"28,06","20,00","19,228","-0,6461048217"
"28,07","20,00","19,228","-0,7097113217"
"28,08","20,00","19,228","-0,7669708217"
"28,09","20,00","19,228","-0,8246050617"
"28,10","20,00","19,228","-0,8687807417"
"28,11","20,00","19,228","-0,8987894717"
"28,12","20,00","19,228","-0,9253007917"
"28,13","20,00","19,228","-0,9485141717"
"28,14","20,00","19,228","-0,9583974017"
"28,15","20,00","19,228","-0,9564323517"
"28,16","20,00","19,228","-0,9497473317"
"28,17","20,00","19,228","-0,9398613117"
"28,18","20,00","19,228","-0,9233371117"
"28,19","20,00","19,228","-0,8992139817"
"28,20","20,00","19,228","-0,8691099417"
"28,21","20,00","19,228","-0,8392781717"
"28,22","20,00","19,228","-0,8074010717"
"28,23","20,00","19,228","-0,7696724617"
"28,24","20,00","19,228","-0,7287861217"
"28,25","20,00","19,228","-0,6881631717"
"28,26","20,00","19,228","-0,6450325917"
"28,27","20,00","19,228","-0,6025133817"
"28,28","20,00","19,228","-0,5590360817"
"28,29","20,00","19,228","-0,5148812617"
"28,30","20,00","19,228","-0,4716279617"
"28,31","20,00","19,228","-0,4273184017"
"28,32","20,00","19,228","-0,3832311717"
"28,33","20,00","19,228","-0,3390343317"
"28,34","20,00","19,228","-0,3001979117"
"28,35","20,00","19,228","-0,2638907917"
"28,36","20,00","19,228","-0,2228021917"
"28,37","20,00","19,228","-0,1885301917"
"28,38","20,00","19,228","-0,1604603917"
"28,39","20,00","19,228","-0,1298982917"
"28,40","20,00","19,228","-0,1041689917"
"28,41","20,00","19,228","-0,08354169167"
"28,42","20,00","19,228","-0,06636949167"
"28,43","20,00","19,228","-0,04916689167"
"28,44","20,00","19,228","-0,03886739167"
"28,45","20,00","19,228","-0,02970299167"
"28,46","20,00","19,228","-0,02516679167"
"28,47","20,00","19,228","-0,02344139167"
"28,48","20,00","19,228","-0,02612789167"
"28,49","20,00","19,228","-0,03001399167"
"28,50","20,00","19,228","-0,03468589167"
"28,51","20,00","19,228","-0,04338139167"
"28,52","20,00","19,228","-0,05311519167"
"28,53","20,00","19,228","-0,06104489167"
"28,54","20,00","19,228","-0,06872579167"
"28,55","20,00","19,228",0
"28,56","20,00","19,228",0
"28,57","20,00","19,228",0
"28,58","20,00","19,228",0
"28,59","20,00","19,228",0
"28,60","20,00","19,228",0
"28,61","20,00","19,228",0
"28,62","20,00","19,228",0
"28,63","20,00","19,228",0
"28,64","20,00","19,228",0
"28,65","20,00","19,228",0
"28,66","20,00","19,228",0
"28,67","20,00","19,228",0
"28,68","20,00","19,228",0
"28,69","20,00","19,228",0
"28,70","20,00","19,228",0
"28,71","20,00","19,228",0
"28,72","20,00","19,228",0
"28,73","20,00","19,228",0
"28,74","20,00","19,228",0
"28,75","20,00","19,228",0
"28,76","20,00","19,228",0
"28,77","20,00","19,228",0
"28,78","20,00","19,228",0
"28,79","20,00","19,228",0
"28,80","20,00","19,228",0
"28,81","20,00","19,228",0
"28,82","20,00","19,228",0
"28,83","20,00","19,228",0
"28,84","20,00","19,228",0
"28,85","20,00","19,228",0
"28,86","20,00","19,228",0
"28,87","20,00","19,228",0
"28,88","20,00","19,228",0
"28,89","20,00","19,228",0
"28,90","20,00","19,228",0
"28,91","20,00","19,228",0
"28,92","20,00","19,228",0
"28,93","20,00","19,228",0
"28,94","20,00","19,228",0
"28,95","20,00","19,228",0
"28,96","20,00","19,228",0
"28,97","20,00","19,228",0
"28,98","20,00","19,228",0
"28,99","20,00","19,228",0
"29,00","20,00","19,228",0
"29,01","20,00","19,228",0
"29,02","20,00","19,228",0
"29,03","20,00","19,228",0
"29,04","20,00","19,228",0
"29,05","20,00","19,228",0
"29,06","20,00","19,228",0
"29,07","20,00","19,228",0
"29,08","20,00","19,228",0
"29,09","20,00","19,228",0
"29,10","20,00","19,228",0
"29,11","20,00","19,228",0
"29,12","20,00","19,228",0
"29,13","20,00","19,228",0
"29,14","20,00","19,228",0
"29,15","20,00","19,228",0
"29,16","20,00","19,228",0
"29,17","20,00","19,228",0
"29,18","20,00","19,228",0
"29,19","20,00","19,228",0
"29,20","20,00","19,228",0
"29,21","20,00","19,228",0
"29,22","20,00","19,228",0
"29,23","20,00","19,228",0